keyword,search_volume,saturation,source,updated_at
40대실리프팅,60,0.039,실리프팅,2026-02-09
50대실리프팅,140,0.023,실리프팅,2026-02-09
5세대스킨부스터,50,0.023,리투오셀르디엠,2026-02-09
60대실리프팅,140,0.264,실리프팅,2026-02-09
ADM스킨부스터,10,0.036,리투오셀르디엠,2026-02-09
BBL레이저,2540,0.017,BBLMoxi,2026-02-09
BBL레이저가격,280,0.03,BBLMoxi,2026-02-09
BBL레이저기미,10,0.05,BBLMoxi,2026-02-09
BBL레이저비용,10,0.017,BBLMoxi,2026-02-09
BBL레이저주기,10,0.024,BBLMoxi,2026-02-09
BBL레이저효과,50,0.017,BBLMoxi,2026-02-09
BBL레이저후기,40,0.325,BBLMoxi,2026-02-09
BBL레이저흑자,50,0.14,BBLMoxi,2026-02-09
CO2레이저가격,370,0.132,피코토닝,2026-02-09
CO2프락셀,1040,0.07,피코토닝,2026-02-09
IPL,3630,0.164,피코토닝,2026-02-09
IPL레이저,7130,0.065,피코토닝,2026-02-09
IPL피부과,30,0.05,피코토닝,2026-02-09
IPL효과,1840,0.188,피코토닝,2026-02-09
MTS피부과,60,0.037,피코토닝,2026-02-09
Moxi레이저,30,0.233,BBLMoxi,2026-02-09
ONDA,1850,0.025,온다리프팅,2026-02-09
ONDA리프팅,100,0.23,온다리프팅,2026-02-09
PDO실,360,0.022,실리프팅,2026-02-09
bbl시술,10,0.05,BBLMoxi,2026-02-09
bbl히어로,280,0.054,BBLMoxi,2026-02-09
강남기미,50,0.043,피코토닝,2026-02-09
강남기미제거,40,0.02,피코토닝,2026-02-09
강남기미치료,10,0.05,피코토닝,2026-02-09
강남기미피부과,30,0.044,피코토닝,2026-02-09
강남레이저토닝,240,0.279,피코토닝,2026-02-09
강남문신제거,230,0.178,피코토닝,2026-02-09
강남역IPL,10,0.019,피코토닝,2026-02-09
강남역문신제거,100,0.07,피코토닝,2026-02-09
강남역잡티제거,10,0.032,피코토닝,2026-02-09
강남역타투제거,20,0.25,피코토닝,2026-02-09
강남역티타늄리프팅,250,0.024,티타늄,2026-02-09
강남역피코슈어,20,0.15,피코토닝,2026-02-09
강남역피코토닝,410,0.037,피코토닝,2026-02-09
강남오타모반,20,0.25,피코토닝,2026-02-09
강남주근깨,30,0.016,피코토닝,2026-02-09
강남주근깨레이저,10,0.033,피코토닝,2026-02-09
강남주근깨제거,10,0.03,피코토닝,2026-02-09
강남타투제거,150,0.087,피코토닝,2026-02-09
강남토닝,20,0.045,피코토닝,2026-02-09
강남티타늄리프팅,430,0.03,티타늄,2026-02-09
강남피코슈어,30,0.233,피코토닝,2026-02-09
강남피코토닝,250,0.112,피코토닝,2026-02-09
검버섯기미,80,0.05,피코토닝,2026-02-09
검버섯레이저,2280,0.185,피코토닝,2026-02-09
검버섯레이저비용,340,0.244,피코토닝,2026-02-09
검버섯레이저치료,30,0.047,피코토닝,2026-02-09
검버섯없애기,40,0.725,피코토닝,2026-02-09
검버섯없애는법,7280,0.005,피코토닝,2026-02-09
검버섯원인,920,0.365,피코토닝,2026-02-09
검버섯제거,1810,0.245,피코토닝,2026-02-09
검버섯제거가격,70,0.786,피코토닝,2026-02-09
검버섯제거레이저,80,0.041,피코토닝,2026-02-09
검버섯제거비용,3440,0.024,피코토닝,2026-02-09
검버섯제거피부과,170,0.015,피코토닝,2026-02-09
검버섯피부과,100,0.034,피코토닝,2026-02-09
겨드랑이레이저토닝,50,0.58,피코토닝,2026-02-09
겨드랑이미백,1010,0.12,피코토닝,2026-02-09
겨드랑이미백시술,30,0.025,피코토닝,2026-02-09
겨드랑이착색,2270,0.055,피코토닝,2026-02-09
겨드랑이착색레이저,440,0.114,피코토닝,2026-02-09
겨드랑이토닝,270,0.13,피코토닝,2026-02-09
겨울방학이벤트,50,0.05,키워드발굴 raw,2026-02-09
겨울스킨부스터,10,0.05,키워드발굴 raw,2026-02-09
겨울피부과시술,10,0.05,키워드발굴 raw,2026-02-09
고압산소,3830,0.046,시술명 미포함,2026-02-09
고압산소챔버,1840,0.148,시술명 미포함,2026-02-09
고압산소치료,670,0.05,시술명 미포함,2026-02-09
고압산소치료 가격,340,0.047,시술명 미포함,2026-02-09
고압산소치료 반복,270,0.026,시술명 미포함,2026-02-09
고압산소치료 부작용,610,0.016,시술명 미포함,2026-02-09
고압산소치료 비용,660,0.48,시술명 미포함,2026-02-09
고압산소치료 횟수,180,0.041,시술명 미포함,2026-02-09
고압산소치료 효과,2930,0.051,시술명 미포함,2026-02-09
고압산소케어,660,0.031,시술명 미포함,2026-02-09
관자필러,1460,0.205,라풀렌엘란쎄,2026-02-09
구미문신제거,100,0.03,피코토닝,2026-02-09
급찐급빠,2210,0.31,키워드발굴 raw,2026-02-09
기미,15550,0.74,피코토닝,2026-02-09
기미검버섯,230,0.021,피코토닝,2026-02-09
기미검버섯제거,70,0.044,피코토닝,2026-02-09
기미관리,210,0.05,피코토닝,2026-02-09
기미레이저,7040,0.02,BBLMoxi,2026-02-09
기미레이저가격,610,0.503,피코토닝,2026-02-09
기미레이저토닝,180,0.05,피코토닝,2026-02-09
기미레이저토닝가격,60,0.019,피코토닝,2026-02-09
기미색소,40,0.05,피코토닝,2026-02-09
기미색소침착,60,0.05,피코토닝,2026-02-09
기미시술,440,0.05,피코토닝,2026-02-09
기미없애는방법,200,0.03,피코토닝,2026-02-09
기미없애는법,13450,0.018,피코토닝,2026-02-09
기미잡티,940,0.045,피코토닝,2026-02-09
기미잡티레이저,10840,0.154,피코토닝,2026-02-09
기미잡티레이저가격,960,0.206,피코토닝,2026-02-09
기미잡티제거레이저,170,0.05,피코토닝,2026-02-09
기미잡티제거피부과,110,0.05,피코토닝,2026-02-09
기미잡티피부과,370,0.041,피코토닝,2026-02-09
기미제거레이저,1650,0.927,피코토닝,2026-02-09
기미제거비용,1160,0.384,피코토닝,2026-02-09
기미제거피부과,200,0.05,피코토닝,2026-02-09
기미주근깨,590,0.049,피코토닝,2026-02-09
기미주근깨레이저,640,0.017,피코토닝,2026-02-09
기미주근깨제거,290,0.047,피코토닝,2026-02-09
기미주근깨치료,20,0.05,피코토닝,2026-02-09
기미주사,1400,0.338,피코토닝,2026-02-09
기미죽은깨,20,0.05,피코토닝,2026-02-09
기미치료레이저,260,0.05,피코토닝,2026-02-09
기미치료병원,20,0.05,피코토닝,2026-02-09
기미치료잘하는곳,120,0.525,피코토닝,2026-02-09
기미치료피부과,110,0.05,피코토닝,2026-02-09
기미토닝,380,0.034,피코토닝,2026-02-09
기미피부과,500,0.05,피코토닝,2026-02-09
남자눈썹문신제거,20,0.026,피코토닝,2026-02-09
남자써마지,100,0.02,써마지,2026-02-09
남자울쎄라,660,0.053,울쎄라,2026-02-09
남자피부미백,40,0.046,피코토닝,2026-02-09
녹는실리프팅,650,0.016,실리프팅,2026-02-09
눈밑기미,490,0.765,피코토닝,2026-02-09
눈밑꺼짐필러,3170,0.32,리투오셀르디엠,2026-02-09
눈밑시술,350,0.05,리투오셀르디엠,2026-02-09
눈썹레이저제거,30,0.05,피코토닝,2026-02-09
눈썹문신제거,8230,0.031,피코토닝,2026-02-09
눈썹문신제거가격,760,0.075,피코토닝,2026-02-09
눈썹문신제거비용,630,0.062,피코토닝,2026-02-09
눈썹문신제거후기,1230,0.078,피코토닝,2026-02-09
눈썹실리프팅,580,0.179,실리프팅,2026-02-09
다운타임없는시술,110,0.05,키워드발굴 raw,2026-02-09
두피문신제거,170,0.582,피코토닝,2026-02-09
듀얼토닝,4300,0.025,피코토닝,2026-02-09
듀얼티타늄,100,0.024,티타늄,2026-02-09
등드름흉터레이저,190,0.095,피코토닝,2026-02-09
등색소침착,210,0.05,피코토닝,2026-02-09
땅콩형얼굴힐로웨이브,1550,0.002,힐로웨이브,2026-02-09
라비앙레이저,840,0.007,피코토닝,2026-02-09
라풀렌,1250,0.002,라풀렌엘란쎄,2026-02-09
라풀렌가격,180,0.0,라풀렌엘란쎄,2026-02-09
라풀렌리프팅,120,0.067,라풀렌엘란쎄,2026-02-09
라풀렌부작용,110,0.018,라풀렌엘란쎄,2026-02-09
라풀렌붓기,70,0.014,라풀렌엘란쎄,2026-02-09
라풀렌유지기간,10,0.2,라풀렌엘란쎄,2026-02-09
라풀렌이마,10,0.0,라풀렌엘란쎄,2026-02-09
라풀렌주사,10,0.9,라풀렌엘란쎄,2026-02-09
라풀렌콜라겐,10,0.2,라풀렌엘란쎄,2026-02-09
라풀렌킴카다시안,1200,0.0,라풀렌엘란쎄,2026-02-09
라풀렌팔자,10,0.2,라풀렌엘란쎄,2026-02-09
라풀렌필러,10,0.2,라풀렌엘란쎄,2026-02-09
라풀렌필러가격,10,0.0,라풀렌엘란쎄,2026-02-09
라풀렌효과,10,0.2,라풀렌엘란쎄,2026-02-09
라풀렌후기,90,0.011,라풀렌엘란쎄,2026-02-09
레이저문신제거,10,0.05,피코토닝,2026-02-09
레이저시술,690,0.05,피코토닝,2026-02-09
레이저치료,840,0.039,피코토닝,2026-02-09
레이저토닝가격,1120,0.164,피코토닝,2026-02-09
레이저토닝비용,110,0.023,피코토닝,2026-02-09
레이저토닝잘하는곳,30,0.024,피코토닝,2026-02-09
레이져토닝,270,0.122,피코토닝,2026-02-09
레터링문신제거,50,0.42,피코토닝,2026-02-09
루비레이저가격,710,0.03,피코토닝,2026-02-09
루비토닝,190,0.368,피코토닝,2026-02-09
리쥬란리투오,420,0.393,리투오셀르디엠,2026-02-09
리쥬메이트가격,30,0.167,피코토닝,2026-02-09
리투오,40200,0.013,리투오셀르디엠,2026-02-09
리투오가격,3820,0.024,리투오셀르디엠,2026-02-09
리투오눈밑,530,0.134,리투오셀르디엠,2026-02-09
리투오눈밑꺼짐,10,0.028,리투오셀르디엠,2026-02-09
리투오다크서클,10,1.0,리투오셀르디엠,2026-02-09
리투오모공,140,0.036,리투오셀르디엠,2026-02-09
리투오부작용,2520,0.038,리투오셀르디엠,2026-02-09
리투오셀르디엠,120,0.0,리투오셀르디엠,2026-02-09
리투오스킨부스터,17690,0.017,리투오셀르디엠,2026-02-09
리투오원리,40,0.03,리투오셀르디엠,2026-02-09
리투오유지기간,290,0.338,리투오셀르디엠,2026-02-09
리투오잔주름,10,0.05,리투오셀르디엠,2026-02-09
리투오주기,90,0.822,리투오셀르디엠,2026-02-09
리투오통증,540,0.217,리투오셀르디엠,2026-02-09
리투오팔자,100,0.028,리투오셀르디엠,2026-02-09
리투오효과,1550,0.21,리투오셀르디엠,2026-02-09
리프팅올타이트,10,0.05,올타이트,2026-02-09
맨즈울쎄라,10,0.1,울쎄라,2026-02-09
모공시술,4980,0.05,리투오셀르디엠,2026-02-09
모노실리프팅,490,0.08,실리프팅,2026-02-09
목색소침착,330,0.027,피코토닝,2026-02-09
목시레이저,210,0.033,BBLMoxi,2026-02-09
목주름스킨부스터,40,0.05,리투오셀르디엠,2026-02-09
목주름써마지,20,0.039,써마지,2026-02-09
목주름울쎄라,120,0.023,울쎄라,2026-02-09
무통써마지,20,0.15,써마지,2026-02-09
무통울쎄라,1030,0.017,키워드 확정(10.15),2026-02-09
문신레이저,80,0.05,피코토닝,2026-02-09
문신제거,3550,0.186,피코토닝,2026-02-09
문신제거가격,380,0.3,피코토닝,2026-02-09
문신제거병원,560,0.221,피코토닝,2026-02-09
문신제거병원추천,10,0.1,피코토닝,2026-02-09
문신제거비용,1240,0.102,피코토닝,2026-02-09
문신제거수면마취,40,0.375,피코토닝,2026-02-09
문신제거시술,10,0.05,피코토닝,2026-02-09
문신제거잘하는곳,30,0.032,피코토닝,2026-02-09
문신제거후기,1090,0.164,피코토닝,2026-02-09
문신지우기,210,0.662,피코토닝,2026-02-09
문신지우는곳,60,0.017,피코토닝,2026-02-09
문신지우는병원,140,0.157,피코토닝,2026-02-09
문신지우는비용,790,0.033,피코토닝,2026-02-09
미간주름차단술,80,0.025,피코토닝,2026-02-09
미니타투제거,100,0.27,피코토닝,2026-02-09
미백레이저토닝,40,0.05,피코토닝,2026-02-09
미백시술,290,0.05,피코토닝,2026-02-09
미백피부과,50,0.05,피코토닝,2026-02-09
민트실리프팅,3620,0.048,실리프팅,2026-02-09
민트실리프팅가격,280,0.111,실리프팅,2026-02-09
민트실리프팅유지기간,190,0.05,실리프팅,2026-02-09
민트실리프팅주기,20,0.036,실리프팅,2026-02-09
민트실리프팅통증,70,0.017,실리프팅,2026-02-09
민트실리프팅효과,60,0.024,실리프팅,2026-02-09
민트실리프팅후기,370,0.089,실리프팅,2026-02-09
밀크반점제거,550,0.047,피코토닝,2026-02-09
밀크커피반점,1170,0.015,피코토닝,2026-02-09
밀크커피색반점,60,0.167,피코토닝,2026-02-09
바디리프팅,850,0.03,온다리프팅,2026-02-09
바디리프팅가격,20,0.05,온다리프팅,2026-02-09
바디미백,170,0.031,피코토닝,2026-02-09
바디색소침착,60,0.05,피코토닝,2026-02-09
바디색소침착레이저,50,0.02,피코토닝,2026-02-09
바디써마지,120,0.175,써마지,2026-02-09
바디온다,3570,0.082,온다리프팅,2026-02-09
바디온다가격,480,0.215,온다리프팅,2026-02-09
바디온다리프팅,1150,0.082,온다리프팅,2026-02-09
바디온다복부,300,0.203,온다리프팅,2026-02-09
바디온다유지기간,10,0.025,온다리프팅,2026-02-09
바디온다종아리,50,0.56,온다리프팅,2026-02-09
바디온다통증,10,0.05,온다리프팅,2026-02-09
바디온다팔뚝,1680,0.033,온다리프팅,2026-02-09
바디온다허벅지,270,0.211,온다리프팅,2026-02-09
바디온다효과,260,0.02,온다리프팅,2026-02-09
바디온다후기,110,0.024,온다리프팅,2026-02-09
바디울쎄라,470,0.162,울쎄라,2026-02-09
바디토닝,270,0.419,피코토닝,2026-02-09
베커모반,580,0.014,피코토닝,2026-02-09
베커씨모반,180,0.017,피코토닝,2026-02-09
보습시술,10,0.05,키워드발굴 raw,2026-02-09
볼패임써마지,10,0.019,써마지,2026-02-09
부산피코슈어,220,0.018,피코토닝,2026-02-09
불독살리프팅,1510,0.079,실리프팅,2026-02-09
브라질리언미백,130,0.792,피코토닝,2026-02-09
브이빔퍼펙타가격,280,0.014,피코토닝,2026-02-09
비비엘레이저,500,0.01,BBLMoxi,2026-02-09
비비엘히어로,310,0.019,BBLMoxi,2026-02-09
비수면써마지,10,0.5,써마지,2026-02-09
비수면울쎄라,10,0.016,울쎄라,2026-02-09
사이노슈어,440,0.032,피코토닝,2026-02-09
사타구니색소침착레이저,20,0.024,피코토닝,2026-02-09
사타구니착색레이저,300,0.093,피코토닝,2026-02-09
새해계획,140,0.05,키워드발굴 raw,2026-02-09
색소레이저,930,0.05,피코토닝,2026-02-09
색소질환,30,0.05,피코토닝,2026-02-09
색소치료,230,0.05,피코토닝,2026-02-09
색소치료피부과,70,0.05,피코토닝,2026-02-09
색소침착,5280,0.021,피코토닝,2026-02-09
색소침착레이저,3990,0.875,피코토닝,2026-02-09
색소침착레이저가격,650,0.531,피코토닝,2026-02-09
색소침착레이저토닝,1030,0.774,피코토닝,2026-02-09
색소침착치료,420,0.05,피코토닝,2026-02-09
색소침착피부과,700,0.05,피코토닝,2026-02-09
색소피부과,20,0.05,피코토닝,2026-02-09
서울문신제거,100,0.54,피코토닝,2026-02-09
서울타투제거,60,0.25,피코토닝,2026-02-09
선릉역피코토닝,10,0.1,피코토닝,2026-02-09
세종리팟레이저,50,0.0,피코토닝,2026-02-09
셀르디엠,6240,0.037,리투오셀르디엠,2026-02-09
셀르디엠가격,250,0.488,리투오셀르디엠,2026-02-09
셀르디엠리투오,200,0.095,리투오셀르디엠,2026-02-09
셀르디엠리투오비교,250,0.004,리투오셀르디엠,2026-02-09
셀르디엠부작용,30,0.4,리투오셀르디엠,2026-02-09
셀르디엠스킨부스터,30,0.067,리투오셀르디엠,2026-02-09
셀르디엠효과,20,0.036,리투오셀르디엠,2026-02-09
소프라노티타늄,390,0.015,티타늄,2026-02-09
소프웨이브100샷,40,0.075,소프웨이브,2026-02-09
소프웨이브200샷,20,0.05,소프웨이브,2026-02-09
소프웨이브가격,1390,0.009,소프웨이브,2026-02-09
소프웨이브눈,10,0.0,소프웨이브,2026-02-09
소프웨이브눈가,20,0.021,소프웨이브,2026-02-09
소프웨이브눈밑,10,0.037,소프웨이브,2026-02-09
소프웨이브다운타임,10,0.017,소프웨이브,2026-02-09
소프웨이브단점,10,0.6,소프웨이브,2026-02-09
소프웨이브레이저,20,0.034,소프웨이브,2026-02-09
소프웨이브리프팅,100,0.023,소프웨이브,2026-02-09
소프웨이브목주름,20,0.017,소프웨이브,2026-02-09
소프웨이브병원,30,0.016,소프웨이브,2026-02-09
소프웨이브부작용,180,0.1,소프웨이브,2026-02-09
소프웨이브붓기,30,0.017,소프웨이브,2026-02-09
소프웨이브비교,30,0.2,소프웨이브,2026-02-09
소프웨이브샷수,10,0.0,소프웨이브,2026-02-09
소프웨이브슈링크차이,60,0.617,소프웨이브,2026-02-09
소프웨이브써마지,520,0.002,소프웨이브,2026-02-09
소프웨이브써마지비교,10,0.05,소프웨이브,2026-02-09
소프웨이브써마지차이,10,0.025,소프웨이브,2026-02-09
소프웨이브울쎄라,60,0.017,소프웨이브,2026-02-09
소프웨이브원리,30,0.027,소프웨이브,2026-02-09
소프웨이브유지기간,80,0.018,소프웨이브,2026-02-09
소프웨이브이마,20,0.019,소프웨이브,2026-02-09
소프웨이브입가,10,0.0,소프웨이브,2026-02-09
소프웨이브전후,30,0.018,소프웨이브,2026-02-09
소프웨이브전후사진,30,0.0,소프웨이브,2026-02-09
소프웨이브주기,50,0.34,소프웨이브,2026-02-09
소프웨이브주의사항,10,0.024,소프웨이브,2026-02-09
소프웨이브텐써마,1000,0.001,소프웨이브,2026-02-09
소프웨이브통증,200,0.215,소프웨이브,2026-02-09
소프웨이브팔자,30,0.02,소프웨이브,2026-02-09
소프웨이브팔자주름,10,0.019,소프웨이브,2026-02-09
소프웨이브피부과,10,0.05,소프웨이브,2026-02-09
소프웨이브효과,630,0.11,소프웨이브,2026-02-09
소프웨이브효과시기,10,0.029,소프웨이브,2026-02-09
소프웨이브후기,180,0.1,소프웨이브,2026-02-09
속건조,2620,0.05,키워드발굴 raw,2026-02-09
속건조관리,40,0.05,키워드발굴 raw,2026-02-09
속건조스킨부스터,60,0.05,리투오셀르디엠,2026-02-09
속건조시술,660,0.05,키워드발굴 raw,2026-02-09
손검버섯,130,0.762,피코토닝,2026-02-09
손등검버섯,1340,0.038,피코토닝,2026-02-09
손등검버섯제거비용,180,0.05,피코토닝,2026-02-09
손등기미,380,0.963,피코토닝,2026-02-09
수면마취써마지,40,0.017,울쎄라,2026-02-09
수면마취울쎄라,150,0.019,울쎄라,2026-02-09
수면써마지,90,0.046,써마지,2026-02-09
수면울써마지,20,0.017,울쎄라,2026-02-09
수면울쎄라,360,0.02,울쎄라,2026-02-09
수분폭탄,70,0.05,키워드발굴 raw,2026-02-09
수험표할인,35860,0.278,키워드발굴 raw,2026-02-09
순자리프팅,360,0.006,올타이트,2026-02-09
순자올타이트,70,0.0,올타이트,2026-02-09
스킨부스터,18560,0.564,키워드발굴 raw,2026-02-09
스킨부스터리투오,260,0.02,리투오셀르디엠,2026-02-09
스킨부스터비교,20,0.05,리투오셀르디엠,2026-02-09
스킨부스터셀르디엠,10,0.2,리투오셀르디엠,2026-02-09
스킨부스터종류,3940,0.406,키워드발굴 raw,2026-02-09
스킨부스터후기,250,0.05,리투오셀르디엠,2026-02-09
스킨부스터힐로웨이브,10,0.02,힐로웨이브,2026-02-09
스타룩스레이저,340,0.032,피코토닝,2026-02-09
신상스킨부스터,30,0.049,리투오셀르디엠,2026-02-09
신지리프팅,260,0.004,올타이트,2026-02-09
신지올타이트,50,0.04,올타이트,2026-02-09
신촌타투제거,20,0.05,피코토닝,2026-02-09
실루엣소프트실리프팅,70,0.032,실리프팅,2026-02-09
실리프팅가격,6420,0.052,실리프팅,2026-02-09
실리프팅비용,4050,0.088,실리프팅,2026-02-09
실리프팅유지기간,1280,0.024,실리프팅,2026-02-09
실리프팅종류,550,0.018,실리프팅,2026-02-09
실리프팅주기,470,0.022,실리프팅,2026-02-09
실리프팅추천,150,0.044,실리프팅,2026-02-09
실리프팅통증,910,0.025,실리프팅,2026-02-09
실리프팅효과,680,0.031,실리프팅,2026-02-09
실리프팅후기,5670,0.099,실리프팅,2026-02-09
심술보실리프팅,10,0.027,실리프팅,2026-02-09
써마지,38900,0.013,써마지,2026-02-09
써마지100샷,20,0.029,써마지,2026-02-09
써마지200샷,20,0.05,써마지,2026-02-09
써마지300,110,0.015,써마지,2026-02-09
써마지300샷,690,0.039,써마지,2026-02-09
써마지300샷600샷,140,0.032,써마지,2026-02-09
써마지300샷가격,450,0.0,써마지,2026-02-09
써마지300샷유지기간,10,0.05,써마지,2026-02-09
써마지300샷주기,10,0.0,써마지,2026-02-09
써마지300샷통증,20,0.0,써마지,2026-02-09
써마지300샷효과,100,0.0,써마지,2026-02-09
써마지300샷후기,140,0.0,써마지,2026-02-09
써마지400샷,20,0.017,써마지,2026-02-09
써마지400샷가격,30,0.0,써마지,2026-02-09
써마지400샷효과,30,0.0,써마지,2026-02-09
써마지500샷,10,0.027,써마지,2026-02-09
써마지500샷가격,20,0.0,써마지,2026-02-09
써마지600샷,1110,0.035,써마지,2026-02-09
써마지600샷가격,3490,0.001,써마지,2026-02-09
써마지600샷유지기간,140,0.05,써마지,2026-02-09
써마지600샷통증,40,0.0,써마지,2026-02-09
써마지600샷효과,200,0.0,써마지,2026-02-09
써마지600샷후기,250,0.0,써마지,2026-02-09
써마지FLX,2060,0.042,써마지,2026-02-09
써마지가격,13540,0.008,써마지,2026-02-09
써마지고주파,360,0.042,써마지,2026-02-09
써마지기계,370,0.132,써마지,2026-02-09
써마지남자,10,0.045,써마지,2026-02-09
써마지눈,10,0.05,써마지,2026-02-09
써마지눈가,20,0.05,써마지,2026-02-09
써마지눈밑,20,0.028,써마지,2026-02-09
써마지다음날,110,0.091,써마지,2026-02-09
써마지당일,90,0.031,써마지,2026-02-09
써마지레이저,110,0.016,써마지,2026-02-09
써마지리프팅,640,0.028,써마지,2026-02-09
써마지멍,110,0.035,써마지,2026-02-09
써마지몇샷,20,0.016,써마지,2026-02-09
써마지모공,210,0.031,써마지,2026-02-09
써마지병원,100,0.05,써마지,2026-02-09
써마지볼꺼짐,30,0.047,써마지,2026-02-09
써마지볼륨,10,0.05,써마지,2026-02-09
써마지볼살,40,0.023,써마지,2026-02-09
써마지볼패임,640,0.03,써마지,2026-02-09
써마지부위,20,0.05,써마지,2026-02-09
써마지붓기,1170,0.015,써마지,2026-02-09
써마지비수면,70,0.0,써마지,2026-02-09
써마지비용,580,0.191,써마지,2026-02-09
써마지사용법,20,0.05,써마지,2026-02-09
써마지샷수,120,0.041,써마지,2026-02-09
써마지셀리뉴,80,0.038,써마지,2026-02-09
써마지수면,120,0.035,써마지,2026-02-09
써마지수면마취,400,0.065,써마지,2026-02-09
써마지슈링크,70,0.05,써마지,2026-02-09
써마지슈링크차이,80,0.021,써마지,2026-02-09
써마지스킨보톡스,80,0.022,써마지,2026-02-09
써마지시술,140,0.031,써마지,2026-02-09
써마지시술가격,60,0.05,써마지,2026-02-09
써마지심부볼,20,0.05,써마지,2026-02-09
써마지아이,80,0.017,써마지,2026-02-09
써마지얼굴살,30,0.02,써마지,2026-02-09
써마지에어녹스,20,0.1,써마지,2026-02-09
써마지여드름,70,0.05,써마지,2026-02-09
써마지온다,100,0.027,써마지,2026-02-09
써마지온다리프팅,10,0.05,써마지,2026-02-09
써마지운동,110,0.043,써마지,2026-02-09
써마지울쎄라,3190,0.08,써마지,2026-02-09
써마지울쎄라비교,120,0.023,써마지,2026-02-09
써마지울쎄라차이,1710,0.053,써마지,2026-02-09
써마지원리,380,0.026,써마지,2026-02-09
써마지유지기간,220,0.03,써마지,2026-02-09
써마지이마,90,0.035,써마지,2026-02-09
써마지이중턱,60,0.017,써마지,2026-02-09
써마지인모드,140,0.02,써마지,2026-02-09
써마지잔주름,30,0.05,써마지,2026-02-09
써마지전후,700,0.018,써마지,2026-02-09
써마지정품,30,0.05,써마지,2026-02-09
써마지정품팁,30,0.05,써마지,2026-02-09
써마지주기,660,0.022,써마지,2026-02-09
써마지주름,20,0.05,써마지,2026-02-09
써마지지속기간,30,0.022,써마지,2026-02-09
써마지초음파,50,0.035,써마지,2026-02-09
써마지콜라겐,30,0.05,써마지,2026-02-09
써마지키닥터,360,0.008,써마지,2026-02-09
써마지탄력,30,0.05,써마지,2026-02-09
써마지턱,20,0.05,써마지,2026-02-09
써마지턱선,10,0.05,써마지,2026-02-09
써마지통증,3830,0.056,써마지,2026-02-09
써마지티타늄,100,0.31,써마지,2026-02-09
써마지팁,120,0.05,써마지,2026-02-09
써마지팔자,30,0.039,써마지,2026-02-09
써마지팔자주름,230,0.028,써마지,2026-02-09
써마지풀페이스,10,0.02,써마지,2026-02-09
써마지회복,20,0.05,써마지,2026-02-09
써마지회복기간,80,0.016,써마지,2026-02-09
써마지효과,23140,0.017,써마지,2026-02-09
써마지효과시기,1230,0.037,써마지,2026-02-09
써마지효능,270,0.041,써마지,2026-02-09
써마지후기,2120,0.051,써마지,2026-02-09
아그네스레이저,4960,0.02,피코토닝,2026-02-09
아이라인문신제거,2850,0.027,피코토닝,2026-02-09
아이써마지,4980,0.008,써마지,2026-02-09
아이써마지225,40,0.075,써마지,2026-02-09
아이써마지가격,1040,0.01,써마지,2026-02-09
아이써마지주기,40,0.325,써마지,2026-02-09
아이써마지효과,910,0.035,써마지,2026-02-09
아이쓰레드,190,0.553,실리프팅,2026-02-09
아이쓰레드실리프팅,10,0.0,실리프팅,2026-02-09
아이울쎄라,2040,0.024,울쎄라,2026-02-09
아이콘레이저,210,0.438,피코토닝,2026-02-09
아쿠아필가격,2290,0.028,피코토닝,2026-02-09
안면거상실리프팅,40,0.044,실리프팅,2026-02-09
안면거상실리프팅차이,20,0.05,실리프팅,2026-02-09
안면실리프팅,20,0.05,실리프팅,2026-02-09
안면홍조,3510,0.019,키워드발굴 raw,2026-02-09
안면홍조관리,20,0.05,키워드발굴 raw,2026-02-09
안면홍조시술,10,0.05,키워드발굴 raw,2026-02-09
알렉스토닝,630,0.014,피코토닝,2026-02-09
앞볼힐로웨이브,3290,0.002,힐로웨이브,2026-02-09
얼굴검버섯,860,0.49,피코토닝,2026-02-09
얼굴검버섯제거,460,0.633,피코토닝,2026-02-09
얼굴검은반점,440,0.166,피코토닝,2026-02-09
얼굴기미,730,0.05,피코토닝,2026-02-09
얼굴기미없애는방법,100,0.04,피코토닝,2026-02-09
얼굴기미제거,500,0.037,피코토닝,2026-02-09
얼굴반점,470,0.032,피코토닝,2026-02-09
얼굴색소침착,770,0.05,피코토닝,2026-02-09
얼굴색소침착치료,200,0.05,피코토닝,2026-02-09
얼굴실리프팅,6150,0.303,실리프팅,2026-02-09
얼굴실리프팅가격,1540,0.169,실리프팅,2026-02-09
얼굴잡티,450,0.05,피코토닝,2026-02-09
얼굴잡티제거,820,0.019,피코토닝,2026-02-09
얼굴잡티제거레이저,450,0.018,피코토닝,2026-02-09
얼굴잡티제거비용,250,0.964,피코토닝,2026-02-09
얼굴잡티제거시술,450,0.02,피코토닝,2026-02-09
얼굴하얘지는법,1160,0.026,피코토닝,2026-02-09
얼굴화이트닝,120,0.033,피코토닝,2026-02-09
엉덩이미백,80,0.588,피코토닝,2026-02-09
엉덩이착색,1290,0.043,피코토닝,2026-02-09
에어녹스울쎄라,30,0.1,울쎄라,2026-02-09
에토좀,480,0.067,피코토닝,2026-02-09
엔디야그,390,0.451,피코토닝,2026-02-09
엘라비에리투오,11130,0.015,리투오셀르디엠,2026-02-09
엘란쎄,2860,0.023,라풀렌엘란쎄,2026-02-09
엘란쎄가격,440,0.02,라풀렌엘란쎄,2026-02-09
엘란쎄리프팅,10,0.035,라풀렌엘란쎄,2026-02-09
엘란쎄붓기,70,0.214,라풀렌엘란쎄,2026-02-09
엘란쎄유지기간,30,0.025,라풀렌엘란쎄,2026-02-09
엘란쎄이마,160,0.169,라풀렌엘란쎄,2026-02-09
엘란쎄통증,20,0.034,라풀렌엘란쎄,2026-02-09
엘란쎄팔자,40,0.017,라풀렌엘란쎄,2026-02-09
엘란쎄필러,560,0.095,라풀렌엘란쎄,2026-02-09
엘란쎄필러가격,80,0.088,라풀렌엘란쎄,2026-02-09
엘란쎄효과,200,0.225,라풀렌엘란쎄,2026-02-09
엘란쎄후기,140,0.079,라풀렌엘란쎄,2026-02-09
여드름서브시전,20,0.05,피코토닝,2026-02-09
연말보너스,230,0.05,키워드발굴 raw,2026-02-09
연말정산환급,1160,0.048,키워드발굴 raw,2026-02-09
연예인리프팅,120,0.041,올타이트,2026-02-09
옆볼패임힐로웨이브,1480,0.004,힐로웨이브,2026-02-09
오타모반,4740,0.037,피코토닝,2026-02-09
오타모반레이저,580,0.276,피코토닝,2026-02-09
오타모반치료,440,0.295,피코토닝,2026-02-09
오타모반피부과,30,0.033,피코토닝,2026-02-09
오타반점,660,0.098,피코토닝,2026-02-09
오타씨모반,30,0.033,피코토닝,2026-02-09
오타양모반,490,0.027,피코토닝,2026-02-09
오투덤산소테라피,950,0.018,피코토닝,2026-02-09
옥순리프팅,2140,0.001,올타이트,2026-02-09
옥순올타이트,130,0.0,올타이트,2026-02-09
온다10만줄,300,0.03,온다리프팅,2026-02-09
온다10만줄가격,70,0.1,온다리프팅,2026-02-09
온다3만줄,360,0.003,온다리프팅,2026-02-09
온다3만줄가격,30,0.0,온다리프팅,2026-02-09
온다5만줄,180,0.017,온다리프팅,2026-02-09
온다5만줄가격,10,0.1,온다리프팅,2026-02-09
온다6만줄,550,0.025,온다리프팅,2026-02-09
온다6만줄효과,80,0.175,온다리프팅,2026-02-09
온다8만줄,200,0.05,온다리프팅,2026-02-09
온다8만줄가격,110,0.055,온다리프팅,2026-02-09
온다8만줄효과,20,0.018,온다리프팅,2026-02-09
온다8만줄후기,30,0.233,온다리프팅,2026-02-09
온다가격,570,0.05,온다리프팅,2026-02-09
온다관리,10,0.05,온다리프팅,2026-02-09
온다내돈내산,70,0.05,온다리프팅,2026-02-09
온다레이저,1590,0.112,온다리프팅,2026-02-09
온다레이저효과,50,0.05,온다리프팅,2026-02-09
온다리프팅10만줄,230,0.039,온다리프팅,2026-02-09
온다리프팅10만줄가격,1900,0.009,온다리프팅,2026-02-09
온다리프팅10만줄비용,10,0.9,온다리프팅,2026-02-09
온다리프팅10만줄효과,20,0.45,온다리프팅,2026-02-09
온다리프팅10만줄후기,10,0.025,온다리프팅,2026-02-09
온다리프팅2주,20,0.027,온다리프팅,2026-02-09
온다리프팅3만줄,180,0.006,온다리프팅,2026-02-09
온다리프팅3만줄가격,20,0.0,온다리프팅,2026-02-09
온다리프팅3만줄효과,10,0.1,온다리프팅,2026-02-09
온다리프팅5만줄,180,0.017,온다리프팅,2026-02-09
온다리프팅5만줄가격,30,0.033,온다리프팅,2026-02-09
온다리프팅5만줄효과,20,0.15,온다리프팅,2026-02-09
온다리프팅5만줄후기,10,0.2,온다리프팅,2026-02-09
온다리프팅6만줄,470,0.03,온다리프팅,2026-02-09
온다리프팅6만줄가격,150,0.047,온다리프팅,2026-02-09
온다리프팅6만줄효과,40,0.015,온다리프팅,2026-02-09
온다리프팅6만줄후기,40,0.2,온다리프팅,2026-02-09
온다리프팅8만줄,170,0.059,온다리프팅,2026-02-09
온다리프팅가격,11520,0.009,온다리프팅,2026-02-09
온다리프팅관리,70,0.044,온다리프팅,2026-02-09
온다리프팅바디,330,0.285,온다리프팅,2026-02-09
온다리프팅병원,130,0.019,온다리프팅,2026-02-09
온다리프팅병원추천,10,0.0,온다리프팅,2026-02-09
온다리프팅붓기,630,0.146,온다리프팅,2026-02-09
온다리프팅비용,90,0.433,온다리프팅,2026-02-09
온다리프팅슈링크,130,0.018,온다리프팅,2026-02-09
온다리프팅슈링크비교,60,0.183,온다리프팅,2026-02-09
온다리프팅슈링크차이,20,0.019,온다리프팅,2026-02-09
온다리프팅유지기간,3200,0.017,온다리프팅,2026-02-09
온다리프팅이벤트,120,0.392,온다리프팅,2026-02-09
온다리프팅일주일,10,0.05,온다리프팅,2026-02-09
온다리프팅전후,200,0.335,온다리프팅,2026-02-09
온다리프팅주기,2170,0.03,온다리프팅,2026-02-09
온다리프팅주의사항,390,0.205,온다리프팅,2026-02-09
온다리프팅지속기간,50,0.52,온다리프팅,2026-02-09
온다리프팅턱살,20,0.034,온다리프팅,2026-02-09
온다리프팅텐써마비용,1390,0.001,온다리프팅,2026-02-09
온다리프팅통증,2970,0.067,온다리프팅,2026-02-09
온다리프팅티타늄,40,0.018,온다리프팅,2026-02-09
온다리프팅팔,40,0.03,온다리프팅,2026-02-09
온다리프팅팔뚝,670,0.101,온다리프팅,2026-02-09
온다리프팅피부과,40,0.045,온다리프팅,2026-02-09
온다리프팅횟수,30,0.035,온다리프팅,2026-02-09
온다리프팅효과,8970,0.039,온다리프팅,2026-02-09
온다리프팅후기,3740,0.034,온다리프팅,2026-02-09
온다붓기,140,0.0,온다리프팅,2026-02-09
온다슈링크,200,0.05,온다리프팅,2026-02-09
온다슈링크차이,20,0.019,온다리프팅,2026-02-09
온다슈링크효과,10,0.043,온다리프팅,2026-02-09
온다시술,270,0.02,온다리프팅,2026-02-09
온다시술비용,20,0.028,온다리프팅,2026-02-09
온다써마지,100,0.027,써마지,2026-02-09
온다올타이트,150,0.04,올타이트,2026-02-09
온다유지기간,220,0.02,온다리프팅,2026-02-09
온다이벤트,40,0.05,온다리프팅,2026-02-09
온다전후,70,0.05,온다리프팅,2026-02-09
온다주기,390,0.028,온다리프팅,2026-02-09
온다주의사항,80,0.032,온다리프팅,2026-02-09
온다지속기간,20,0.05,온다리프팅,2026-02-09
온다통증,160,0.05,온다리프팅,2026-02-09
온다티타늄,500,0.058,온다리프팅,2026-02-09
온다티타늄가격,30,0.018,온다리프팅,2026-02-09
온다티타늄비교,170,0.035,온다리프팅,2026-02-09
온다티타늄효과,20,0.035,온다리프팅,2026-02-09
온다팔뚝,140,0.022,온다리프팅,2026-02-09
온다효과,780,0.022,온다리프팅,2026-02-09
온다후기,300,0.05,온다리프팅,2026-02-09
올타이트,8070,0.017,올타이트,2026-02-09
올타이트100샷,120,0.042,올타이트,2026-02-09
올타이트200샷,30,0.133,올타이트,2026-02-09
올타이트300샷,80,0.025,올타이트,2026-02-09
올타이트400샷,970,0.01,올타이트,2026-02-09
올타이트400샷가격,450,0.0,올타이트,2026-02-09
올타이트400샷후기,40,0.0,올타이트,2026-02-09
올타이트600샷,70,0.029,올타이트,2026-02-09
올타이트600샷가격,10,0.0,올타이트,2026-02-09
올타이트가격,1530,0.033,올타이트,2026-02-09
올타이트강남,30,0.023,올타이트,2026-02-09
올타이트기계,10,0.043,올타이트,2026-02-09
올타이트당일,10,0.05,올타이트,2026-02-09
올타이트레이저,100,0.08,올타이트,2026-02-09
올타이트리프팅,30930,0.001,올타이트,2026-02-09
올타이트리프팅가격,7090,0.001,올타이트,2026-02-09
올타이트리프팅병원,250,0.032,올타이트,2026-02-09
올타이트리프팅부작용,560,0.016,올타이트,2026-02-09
올타이트리프팅시술시간,80,0.05,올타이트,2026-02-09
올타이트리프팅원리,60,0.018,올타이트,2026-02-09
올타이트리프팅유지기간,1550,0.026,올타이트,2026-02-09
올타이트리프팅잘하는곳,40,0.05,올타이트,2026-02-09
올타이트리프팅전후,20,0.1,올타이트,2026-02-09
올타이트리프팅주기,130,0.069,올타이트,2026-02-09
올타이트리프팅추천,20,0.05,올타이트,2026-02-09
올타이트리프팅통증,200,0.09,올타이트,2026-02-09
올타이트리프팅효과,610,0.036,올타이트,2026-02-09
올타이트몇샷,20,0.05,올타이트,2026-02-09
올타이트병원,80,0.025,올타이트,2026-02-09
올타이트병원추천,20,0.0,올타이트,2026-02-09
올타이트볼패임,80,0.075,올타이트,2026-02-09
올타이트부작용,210,0.057,올타이트,2026-02-09
올타이트붓기,80,0.088,올타이트,2026-02-09
올타이트비용,50,0.019,올타이트,2026-02-09
올타이트시술,50,0.017,올타이트,2026-02-09
올타이트시술시간,20,0.029,올타이트,2026-02-09
올타이트시술주기,20,0.05,올타이트,2026-02-09
올타이트온다리프팅,10,0.2,올타이트,2026-02-09
올타이트운동,10,0.024,올타이트,2026-02-09
올타이트원리,80,0.15,올타이트,2026-02-09
올타이트유지기간,1720,0.005,올타이트,2026-02-09
올타이트이벤트,70,0.029,올타이트,2026-02-09
올타이트인모드,10,0.038,올타이트,2026-02-09
올타이트잘하는곳,10,0.019,올타이트,2026-02-09
올타이트전후,20,0.022,올타이트,2026-02-09
올타이트주기,180,0.02,올타이트,2026-02-09
올타이트주의사항,40,0.022,올타이트,2026-02-09
올타이트초음파,10,0.035,올타이트,2026-02-09
올타이트키닥터,100,0.0,올타이트,2026-02-09
올타이트통증,80,0.042,올타이트,2026-02-09
올타이트티타늄,120,0.1,올타이트,2026-02-09
올타이트팁,10,0.2,올타이트,2026-02-09
올타이트팔자주름,20,0.2,올타이트,2026-02-09
올타이트피부과,30,0.021,올타이트,2026-02-09
올타이트효과,760,0.057,올타이트,2026-02-09
올타이트후기,260,0.031,올타이트,2026-02-09
울세라,910,0.04,울쎄라,2026-02-09
울써마지,5480,0.011,울쎄라,2026-02-09
울써마지가격,2850,0.006,울쎄라,2026-02-09
울써마지당일,10,0.021,울쎄라,2026-02-09
울써마지리프팅,20,0.05,울쎄라,2026-02-09
울써마지병원,20,0.024,울쎄라,2026-02-09
울써마지부작용,110,0.173,울쎄라,2026-02-09
울써마지붓기,460,0.043,울쎄라,2026-02-09
울써마지비용,20,0.023,울쎄라,2026-02-09
울써마지샷수,10,0.025,울쎄라,2026-02-09
울써마지수면마취,20,0.02,울쎄라,2026-02-09
울써마지잘하는곳,60,0.067,울쎄라,2026-02-09
울써마지주기,70,0.143,울쎄라,2026-02-09
울써마지통증,130,0.269,울쎄라,2026-02-09
울써마지효과,1290,0.042,울쎄라,2026-02-09
울써마지후기,490,0.031,울쎄라,2026-02-09
울쎄라,89400,0.021,울쎄라,2026-02-09
울쎄라100샷효과,590,0.0,키워드 확정(10.15),2026-02-09
울쎄라200샷,300,0.033,키워드 확정(10.15),2026-02-09
울쎄라300샷,2270,0.071,울쎄라,2026-02-09
울쎄라300샷600샷,300,0.025,울쎄라,2026-02-09
울쎄라300샷가격,920,0.0,키워드 확정(10.15),2026-02-09
울쎄라400샷,480,0.06,키워드 확정(10.15),2026-02-09
울쎄라400샷가격,560,0.0,키워드 확정(10.15),2026-02-09
울쎄라500샷,260,0.081,울쎄라,2026-02-09
울쎄라600샷,1660,0.071,울쎄라,2026-02-09
울쎄라600샷가격,680,0.0,울쎄라,2026-02-09
울쎄라가격,35310,0.008,울쎄라,2026-02-09
울쎄라기계,700,0.204,울쎄라,2026-02-09
울쎄라다음날,160,0.25,울쎄라,2026-02-09
울쎄라다이어트,50,0.043,울쎄라,2026-02-09
울쎄라당일,190,0.022,울쎄라,2026-02-09
울쎄라레이저,70,0.05,울쎄라,2026-02-09
울쎄라리프팅,3300,0.021,울쎄라,2026-02-09
울쎄라몇샷,100,0.06,울쎄라,2026-02-09
울쎄라병원,230,0.016,울쎄라,2026-02-09
울쎄라볼살,150,0.021,울쎄라,2026-02-09
울쎄라브이라인,10,0.02,울쎄라,2026-02-09
울쎄라비교,60,0.05,울쎄라,2026-02-09
울쎄라비수면,220,0.014,울쎄라,2026-02-09
울쎄라비용,510,0.476,울쎄라,2026-02-09
울쎄라셀리뉴,2990,0.0,울쎄라,2026-02-09
울쎄라수면,350,0.02,울쎄라,2026-02-09
울쎄라수면마취,1240,0.082,울쎄라,2026-02-09
울쎄라스킨보톡스,110,0.018,울쎄라,2026-02-09
울쎄라시술,200,0.05,울쎄라,2026-02-09
울쎄라시술가격,70,0.05,울쎄라,2026-02-09
울쎄라써마지,3700,0.145,울쎄라,2026-02-09
울쎄라써마지비교,4090,0.035,울쎄라,2026-02-09
울쎄라써마지차이,660,0.271,울쎄라,2026-02-09
울쎄라얼굴형,20,0.05,울쎄라,2026-02-09
울쎄라에어녹스,40,0.075,울쎄라,2026-02-09
울쎄라운동,530,0.016,울쎄라,2026-02-09
울쎄라운동언제,10,0.034,울쎄라,2026-02-09
울쎄라유명한곳,20,0.047,울쎄라,2026-02-09
울쎄라유지기간,730,0.017,울쎄라,2026-02-09
울쎄라윤곽,10,0.05,울쎄라,2026-02-09
울쎄라윤곽주사,50,0.024,울쎄라,2026-02-09
울쎄라인모드,510,0.451,울쎄라,2026-02-09
울쎄라잘하는곳,380,0.213,울쎄라,2026-02-09
울쎄라저렴한곳,40,0.03,울쎄라,2026-02-09
울쎄라전후,3060,0.065,울쎄라,2026-02-09
울쎄라정품,260,0.022,울쎄라,2026-02-09
울쎄라정품팁,130,0.023,울쎄라,2026-02-09
울쎄라주기,2900,0.088,울쎄라,2026-02-09
울쎄라주름,40,0.05,울쎄라,2026-02-09
울쎄라지속기간,240,0.024,울쎄라,2026-02-09
울쎄라찐후기,10,0.021,울쎄라,2026-02-09
울쎄라초음파,290,0.044,울쎄라,2026-02-09
울쎄라추천,140,0.05,울쎄라,2026-02-09
울쎄라키닥터,290,0.021,울쎄라,2026-02-09
울쎄라탄력,30,0.05,울쎄라,2026-02-09
울쎄라통증,3360,0.224,울쎄라,2026-02-09
울쎄라팁,340,0.025,울쎄라,2026-02-09
울쎄라팔자주름,380,0.026,울쎄라,2026-02-09
울쎄라팔자주름효과,50,0.05,울쎄라,2026-02-09
울쎄라프라임가격,11150,0.017,키워드 확정(10.15),2026-02-09
울쎄라프라임마취,10,0.025,울쎄라,2026-02-09
울쎄라프라임부작용,20,0.029,울쎄라,2026-02-09
울쎄라프라임붓기,90,0.019,울쎄라,2026-02-09
울쎄라프라임비용,10,0.016,울쎄라,2026-02-09
울쎄라프라임유지기간,10,0.029,울쎄라,2026-02-09
울쎄라프라임전후,10,0.017,울쎄라,2026-02-09
울쎄라프라임정품,10,0.016,울쎄라,2026-02-09
울쎄라프라임정품인증,30,0.167,울쎄라,2026-02-09
울쎄라프라임주기,10,0.019,울쎄라,2026-02-09
울쎄라프라임차이,210,0.229,울쎄라,2026-02-09
울쎄라프라임추천,640,0.072,울쎄라,2026-02-09
울쎄라프라임통증,280,0.261,울쎄라,2026-02-09
울쎄라프라임효과,140,0.02,울쎄라,2026-02-09
울쎄라프라임후기,100,0.25,울쎄라,2026-02-09
울쎄라피부,40,0.05,울쎄라,2026-02-09
울쎄라피프라임100샷,90,0.056,울쎄라,2026-02-09
울쎄라피프라임200샷,10,0.016,울쎄라,2026-02-09
울쎄라피프라임300샷,440,0.057,키워드 확정(10.15),2026-02-09
울쎄라피프라임400샷,20,0.2,울쎄라,2026-02-09
울쎄라피프라임500샷,10,0.6,울쎄라,2026-02-09
울쎄라피프라임600샷,100,0.1,울쎄라,2026-02-09
울쎄라피프라임가격,530,0.019,울쎄라,2026-02-09
울쎄라피프라임부작용,170,0.706,울쎄라,2026-02-09
울쎄라피프라임붓기,160,0.144,울쎄라,2026-02-09
울쎄라피프라임비용,20,0.021,울쎄라,2026-02-09
울쎄라피프라임유지기간,10,0.016,울쎄라,2026-02-09
울쎄라피프라임이벤트,30,0.233,울쎄라,2026-02-09
울쎄라피프라임정품,20,0.025,울쎄라,2026-02-09
울쎄라피프라임정품인증,60,0.067,울쎄라,2026-02-09
울쎄라피프라임차이,1610,0.02,울쎄라,2026-02-09
울쎄라피프라임통증,500,0.096,울쎄라,2026-02-09
울쎄라피프라임효과,350,0.177,울쎄라,2026-02-09
울쎄라회복,100,0.05,울쎄라,2026-02-09
울쎄라회복기간,110,0.05,울쎄라,2026-02-09
울쎄라효과,40340,0.04,울쎄라,2026-02-09
울쎄라효능,320,0.125,울쎄라,2026-02-09
윈터뷰티,10,0.05,키워드발굴 raw,2026-02-09
윤곽고정술,60,0.1,라풀렌엘란쎄,2026-02-09
윤곽실리프팅,20,0.05,실리프팅,2026-02-09
이마실리프팅,1530,0.224,실리프팅,2026-02-09
이마엘란쎄,180,0.15,라풀렌엘란쎄,2026-02-09
이중턱실리프팅,500,0.027,실리프팅,2026-02-09
이중턱써마지,30,0.033,써마지,2026-02-09
이중턱울쎄라,460,0.023,울쎄라,2026-02-09
이중턱티타늄,10,0.05,티타늄,2026-02-09
인디언주름리프팅,510,0.084,실리프팅,2026-02-09
인트라셀,630,0.022,피코토닝,2026-02-09
인피니레이저,120,0.083,피코토닝,2026-02-09
입꼬리실리프팅,130,0.019,실리프팅,2026-02-09
입술문신제거,340,0.194,피코토닝,2026-02-09
입술반영구제거,90,0.8,피코토닝,2026-02-09
자가콜라겐주사,10,0.05,라풀렌엘란쎄,2026-02-09
잠실레이저토닝,60,0.55,피코토닝,2026-02-09
잡티,1500,0.05,피코토닝,2026-02-09
잡티레이저,1240,0.017,피코토닝,2026-02-09
잡티제거가격,20,0.05,피코토닝,2026-02-09
잡티제거피부과,600,0.019,피코토닝,2026-02-09
잡티피부과,60,0.05,피코토닝,2026-02-09
장희빈미안법,3510,0.069,피코토닝,2026-02-09
점빼기좋은계절,20,0.05,키워드발굴 raw,2026-02-09
점뺀후관리,8940,0.06,피코토닝,2026-02-09
점제거,3250,0.046,피코토닝,2026-02-09
제네시스레이저,6580,0.026,피코토닝,2026-02-09
제네시스레이저효과,3990,0.027,피코토닝,2026-02-09
제네시스레이져,400,0.015,피코토닝,2026-02-09
제네시스토닝,4810,0.022,피코토닝,2026-02-09
주근깨,6140,0.594,피코토닝,2026-02-09
주근깨기미,350,0.05,피코토닝,2026-02-09
주근깨레이저,4780,0.248,피코토닝,2026-02-09
주근깨레이저가격,2130,0.049,피코토닝,2026-02-09
주근깨레이저비용,80,0.023,피코토닝,2026-02-09
주근깨레이저후기,580,0.272,피코토닝,2026-02-09
주근깨없애는방법,10,0.05,피코토닝,2026-02-09
주근깨제거,670,0.024,피코토닝,2026-02-09
주근깨제거가격,50,0.023,피코토닝,2026-02-09
주근깨치료,70,0.05,피코토닝,2026-02-09
주근깨피부과,70,0.05,피코토닝,2026-02-09
중년실리프팅,30,0.019,실리프팅,2026-02-09
중안면거상,660,0.048,실리프팅,2026-02-09
즉각리프팅,60,0.05,키워드발굴 raw,2026-02-09
차세대스킨부스터,10,0.05,리투오셀르디엠,2026-02-09
카페오레반점,700,0.014,피코토닝,2026-02-09
카페오레반점치료,40,0.2,피코토닝,2026-02-09
카프리레이저,5670,0.003,피코토닝,2026-02-09
카프리레이저가격,260,0.015,피코토닝,2026-02-09
커스텀써마지,60,0.117,써마지,2026-02-09
커스텀울쎄라,300,0.097,울쎄라,2026-02-09
커피반점제거,120,0.558,피코토닝,2026-02-09
컬러타투제거,170,0.435,피코토닝,2026-02-09
콜라겐부스터,2970,0.022,힐로웨이브,2026-02-09
콜라겐부스터추천,10,0.05,힐로웨이브,2026-02-09
콜라겐스킨부스터,570,0.05,리투오셀르디엠,2026-02-09
콜라겐주사,6810,0.017,라풀렌엘란쎄,2026-02-09
콜라겐주사가격,1390,0.287,라풀렌엘란쎄,2026-02-09
콜라겐필러,490,0.05,라풀렌엘란쎄,2026-02-09
클라리티레이저,3530,0.035,피코토닝,2026-02-09
타투제거,1600,0.118,피코토닝,2026-02-09
타투제거가격,60,0.75,피코토닝,2026-02-09
타투제거레이저,40,0.021,피코토닝,2026-02-09
타투제거병원,290,0.11,피코토닝,2026-02-09
타투제거비용,750,0.068,피코토닝,2026-02-09
타투제거피부과,20,0.02,피코토닝,2026-02-09
타투제거후기,710,0.096,피코토닝,2026-02-09
타투지우기,990,0.059,피코토닝,2026-02-09
타투지우는곳,30,0.767,피코토닝,2026-02-09
타투지우는방법,30,0.7,피코토닝,2026-02-09
타투지우는병원,170,0.065,피코토닝,2026-02-09
타투지우는비용,610,0.018,피코토닝,2026-02-09
토닝,4140,0.631,피코토닝,2026-02-09
튠페이스티타늄,150,0.047,티타늄,2026-02-09
티타늄60줄,10,0.0,티타늄,2026-02-09
티타늄가격,790,0.03,티타늄,2026-02-09
티타늄관리,70,0.05,티타늄,2026-02-09
티타늄내돈내산,50,0.032,티타늄,2026-02-09
티타늄레이저,1650,0.047,티타늄,2026-02-09
티타늄레이저가격,320,0.053,티타늄,2026-02-09
티타늄레이저주기,20,0.027,티타늄,2026-02-09
티타늄레이저통증,20,0.019,티타늄,2026-02-09
티타늄레이저효과,60,0.033,티타늄,2026-02-09
티타늄레이저후기,30,0.027,티타늄,2026-02-09
티타늄리프팅,31160,0.003,티타늄,2026-02-09
티타늄리프팅 40kj,130,0.031,티타늄,2026-02-09
티타늄리프팅 80kj,100,0.06,티타늄,2026-02-09
티타늄리프팅2주,10,0.019,티타늄,2026-02-09
티타늄리프팅가격,6810,0.003,티타늄,2026-02-09
티타늄리프팅관리,20,0.037,티타늄,2026-02-09
티타늄리프팅내돈내산,270,0.03,티타늄,2026-02-09
티타늄리프팅병원,40,0.031,티타늄,2026-02-09
티타늄리프팅병원추천,20,0.0,티타늄,2026-02-09
티타늄리프팅부작용,810,0.028,티타늄,2026-02-09
티타늄리프팅붓기,110,0.218,티타늄,2026-02-09
티타늄리프팅비용,330,0.048,티타늄,2026-02-09
티타늄리프팅시술시간,60,0.05,티타늄,2026-02-09
티타늄리프팅심부볼,10,0.044,티타늄,2026-02-09
티타늄리프팅원리,260,0.096,티타늄,2026-02-09
티타늄리프팅유지기간,2540,0.01,티타늄,2026-02-09
티타늄리프팅이중턱,20,0.047,티타늄,2026-02-09
티타늄리프팅잘하는곳,90,0.011,티타늄,2026-02-09
티타늄리프팅전후,130,0.019,티타늄,2026-02-09
티타늄리프팅전후비교,20,0.3,티타늄,2026-02-09
티타늄리프팅주기,690,0.032,티타늄,2026-02-09
티타늄리프팅주의사항,130,0.169,티타늄,2026-02-09
티타늄리프팅지속기간,30,0.017,티타늄,2026-02-09
티타늄리프팅텐써마비용,20,0.05,티타늄,2026-02-09
티타늄리프팅통증,870,0.057,티타늄,2026-02-09
티타늄리프팅피부과,40,0.015,티타늄,2026-02-09
티타늄리프팅회복기간,10,0.018,티타늄,2026-02-09
티타늄리프팅횟수,10,0.6,티타늄,2026-02-09
티타늄리프팅효과,3540,0.022,티타늄,2026-02-09
티타늄리프팅후기,870,0.037,티타늄,2026-02-09
티타늄몇줄,10,0.0,티타늄,2026-02-09
티타늄부작용,160,0.022,티타늄,2026-02-09
티타늄붓기,100,0.039,티타늄,2026-02-09
티타늄시술,470,0.031,티타늄,2026-02-09
티타늄시술비용,50,0.021,티타늄,2026-02-09
티타늄심부볼,10,0.044,티타늄,2026-02-09
티타늄올타이트,100,0.04,티타늄,2026-02-09
티타늄유지기간,280,0.038,티타늄,2026-02-09
티타늄이벤트,30,0.03,티타늄,2026-02-09
티타늄이중턱,30,0.033,티타늄,2026-02-09
티타늄장단점,10,0.05,티타늄,2026-02-09
티타늄전후,60,0.05,티타늄,2026-02-09
티타늄전후비교,10,0.017,티타늄,2026-02-09
티타늄주기,260,0.025,티타늄,2026-02-09
티타늄주의사항,40,0.018,티타늄,2026-02-09
티타늄지속기간,30,0.05,티타늄,2026-02-09
티타늄통증,220,0.048,티타늄,2026-02-09
티타늄효과,740,0.026,티타늄,2026-02-09
티타늄후기,240,0.05,티타늄,2026-02-09
팔꿈치미백,230,0.448,피코토닝,2026-02-09
팔꿈치색소침착,130,0.808,피코토닝,2026-02-09
팔꿈치착색,1650,0.042,피코토닝,2026-02-09
팔뚝살온다,50,0.018,온다리프팅,2026-02-09
팔자시술,370,0.05,리투오셀르디엠,2026-02-09
팔자실리프팅,730,0.026,실리프팅,2026-02-09
팔자엘란쎄,10,0.024,라풀렌엘란쎄,2026-02-09
팔자주름리프팅,4710,0.046,시술명 미포함,2026-02-09
팔자주름써마지,310,0.02,써마지,2026-02-09
팔자주름써마지효과,10,0.05,써마지,2026-02-09
팔자주름올타이트,10,0.029,올타이트,2026-02-09
팔자주름울쎄라,380,0.026,울쎄라,2026-02-09
팔자주름울쎄라효과,100,0.028,울쎄라,2026-02-09
팔자주름피부과,330,0.025,울쎄라,2026-02-09
프락셔널레이저,560,0.375,피코토닝,2026-02-09
프리미엄리프팅,20,0.05,키워드발굴 raw,2026-02-09
피부검버섯,320,0.02,피코토닝,2026-02-09
피부검버섯제거,90,0.047,피코토닝,2026-02-09
피부과MTS,250,0.896,피코토닝,2026-02-09
피부과기미,300,0.05,피코토닝,2026-02-09
피부과기미제거,150,0.05,피코토닝,2026-02-09
피부과기미치료,130,0.05,피코토닝,2026-02-09
피부과레이저,1040,0.05,피코토닝,2026-02-09
피부과레이저종류,310,0.049,피코토닝,2026-02-09
피부과레이저치료,140,0.05,피코토닝,2026-02-09
피부과리프팅,800,0.018,올타이트,2026-02-09
피부과문신제거,50,0.04,피코토닝,2026-02-09
피부과미백,230,0.05,피코토닝,2026-02-09
피부과색소침착,150,0.05,피코토닝,2026-02-09
피부과써마지,140,0.019,써마지,2026-02-09
피부과올타이트,30,0.021,올타이트,2026-02-09
피부과울쎄라,410,0.028,울쎄라,2026-02-09
피부과잡티제거,520,0.022,피코토닝,2026-02-09
피부과주근깨,40,0.05,피코토닝,2026-02-09
피부과타투제거,10,0.04,피코토닝,2026-02-09
피부미백,730,0.05,피코토닝,2026-02-09
피부미백시술,570,0.035,피코토닝,2026-02-09
피부색소침착,1500,0.05,피코토닝,2026-02-09
피부색소침착레이저,240,0.05,피코토닝,2026-02-09
피부잡티,320,0.05,피코토닝,2026-02-09
피부잡티제거,490,0.05,피코토닝,2026-02-09
피부착색,890,0.019,피코토닝,2026-02-09
피부착색치료,180,0.024,피코토닝,2026-02-09
피부탄력레이저,320,0.05,피코토닝,2026-02-09
피부토닝,770,0.031,피코토닝,2026-02-09
피부톤개선,520,0.05,피코토닝,2026-02-09
피지선레이저,490,0.015,피코토닝,2026-02-09
피지선파괴,120,0.028,피코토닝,2026-02-09
피지선파괴레이저,1800,0.102,피코토닝,2026-02-09
피지선파괴술,80,0.05,피코토닝,2026-02-09
피코레이저,2650,0.397,피코토닝,2026-02-09
피코레이저가격,590,0.2,피코토닝,2026-02-09
피코레이저문신,40,0.05,피코토닝,2026-02-09
피코레이저문신제거,60,0.025,피코토닝,2026-02-09
피코문신제거,100,0.016,피코토닝,2026-02-09
피코슈어,12140,0.016,피코토닝,2026-02-09
피코슈어가격,1230,0.02,피코토닝,2026-02-09
피코슈어기미,230,0.957,피코토닝,2026-02-09
피코슈어레이저,240,0.746,피코토닝,2026-02-09
피코슈어모공,10,0.05,피코토닝,2026-02-09
피코슈어문신,20,0.047,피코토닝,2026-02-09
피코슈어토닝,5940,0.019,피코토닝,2026-02-09
피코슈어프락셀,1150,0.025,피코토닝,2026-02-09
피코슈어프로,800,0.044,피코토닝,2026-02-09
피코슈어프로기미,10,0.023,피코토닝,2026-02-09
피코슈어피부과,10,0.05,피코토닝,2026-02-09
피코슈어피코토닝,90,0.022,피코토닝,2026-02-09
피코웨이,630,0.097,피코토닝,2026-02-09
피코토닝,26400,0.028,피코토닝,2026-02-09
피코토닝1회,200,0.41,피코토닝,2026-02-09
피코토닝가격,3050,0.028,피코토닝,2026-02-09
피코토닝강남,10,0.028,피코토닝,2026-02-09
피코토닝레이저,430,0.015,피코토닝,2026-02-09
피코토닝문신,10,0.05,피코토닝,2026-02-09
피코토닝종류,170,0.026,피코토닝,2026-02-09
피코토닝차이,10,0.05,피코토닝,2026-02-09
피코토닝피부과,40,0.05,피코토닝,2026-02-09
피코토닝피코슈어차이,380,0.142,피코토닝,2026-02-09
피코토닝효과,12960,0.039,피코토닝,2026-02-09
피코하이,1350,0.049,피코토닝,2026-02-09
피코하이토닝,520,0.019,피코토닝,2026-02-09
필로르가,520,0.015,피코토닝,2026-02-09
홍대엑셀브이,20,0.05,피코토닝,2026-02-09
홍대클리닉,320,0.462,피코토닝,2026-02-09
홍대피부관리,580,0.448,피코토닝,2026-02-09
홍조관리,200,0.05,키워드발굴 raw,2026-02-09
홍조레이저,1850,0.021,BBLMoxi,2026-02-09
홍조시술,160,0.05,키워드발굴 raw,2026-02-09
화이트닝,1220,0.907,피코토닝,2026-02-09
화이트토닝가격,40,0.925,피코토닝,2026-02-09
환절기스킨부스터,10,0.05,리투오셀르디엠,2026-02-09
효도선물,290,0.05,키워드발굴 raw,2026-02-09
후천성오타모반,500,0.03,피코토닝,2026-02-09
흉터색소침착,180,0.05,피코토닝,2026-02-09
흑자레이저,4680,0.121,BBLMoxi,2026-02-09
흑자치료,880,0.692,피코토닝,2026-02-09
힐로웨이브2CC,40,0.15,힐로웨이브,2026-02-09
힐로웨이브4cc,50,0.08,힐로웨이브,2026-02-09
힐로웨이브4cc가격,10,0.3,힐로웨이브,2026-02-09
힐로웨이브가격,1630,0.003,힐로웨이브,2026-02-09
힐로웨이브다운타임,10,1.0,힐로웨이브,2026-02-09
힐로웨이브땅콩형얼굴,20,0.25,힐로웨이브,2026-02-09
힐로웨이브리쥬란,10,0.022,힐로웨이브,2026-02-09
힐로웨이브병원,60,0.083,힐로웨이브,2026-02-09
힐로웨이브볼패임,10,0.3,힐로웨이브,2026-02-09
힐로웨이브붓기,60,0.133,힐로웨이브,2026-02-09
힐로웨이브스킨부스터,30,0.016,힐로웨이브,2026-02-09
힐로웨이브시술,10,0.043,힐로웨이브,2026-02-09
힐로웨이브앞볼,10,0.7,힐로웨이브,2026-02-09
힐로웨이브용량,10,0.1,힐로웨이브,2026-02-09
힐로웨이브유지기간,260,0.023,힐로웨이브,2026-02-09
힐로웨이브음주,10,0.4,힐로웨이브,2026-02-09
힐로웨이브이마,80,0.012,힐로웨이브,2026-02-09
힐로웨이브잘하는곳,10,0.0,힐로웨이브,2026-02-09
힐로웨이브전후,10,0.5,힐로웨이브,2026-02-09
힐로웨이브주기,60,0.05,힐로웨이브,2026-02-09
힐로웨이브주사,10,0.028,힐로웨이브,2026-02-09
힐로웨이브주의사항,20,0.05,힐로웨이브,2026-02-09
힐로웨이브중안부,30,0.133,힐로웨이브,2026-02-09
힐로웨이브쥬베룩,30,0.233,힐로웨이브,2026-02-09
힐로웨이브쥬베룩볼륨,20,0.2,힐로웨이브,2026-02-09
힐로웨이브콜라겐,10,0.016,힐로웨이브,2026-02-09
힐로웨이브콜라겐주사,10,0.031,힐로웨이브,2026-02-09
힐로웨이브통증,30,0.233,힐로웨이브,2026-02-09
힐로웨이브팔자,90,0.3,힐로웨이브,2026-02-09
힐로웨이브팔자주름,10,0.022,힐로웨이브,2026-02-09
힐로웨이브피부과,10,0.6,힐로웨이브,2026-02-09
힐로웨이브필러,180,0.05,힐로웨이브,2026-02-09
힐로웨이브필러차이,10,1.0,힐로웨이브,2026-02-09
힐로웨이브효과,260,0.085,힐로웨이브,2026-02-09
힐로웨이브후기,670,0.006,힐로웨이브,2026-02-09
